--
-- Dumping data for table T_EMP_AREA
--

INSERT INTO T_COM_COMPANY (BUSINESSNAME, ACTIVE, DOCNUMBER, DOMAIN)
    VALUES ('JX_Market',1,'44563458976','jxmarket'),('Metro',1,'35346576899','metro'),('moxter.net',1,'56452345346','moxternet');

INSERT INTO T_COM_AREA (COMPANYID, NAME) VALUES (2,'Gerenciaa'),(2,'Ventaas'),(2,'Productos'),(2,'Recursos Humanos'),(1,'Administration');

INSERT INTO T_SEG_ROLE (COMPANYID, AREAID, NAME, DESCRIPTION)
         VALUES (2,1,'Gerente','Administracion Generaal'),
                (2,2,'Vendedor','Encargador de realizar las ventas'),
                (2,3,'Almacenero','Encargado de la logistica'),
                (2,4,'Gerente','Encargado del area'),
                (2,1,'Subgerente','Subgerencia general');

INSERT INTO T_SEG_USER (COMPANYID, PASSWORD, USERNAME, ROLEID)
          VALUES (1,'62a90ccff3fd73694bf6281bb234b09a','Administrator',1),
                 (2,'e10adc3949ba59abbe56e057f20f883e','jmoics',3),
                 (3,'e10adc3949ba59abbe56e057f20f883e','jcueva',1),
                 (2,'e10adc3949ba59abbe56e057f20f883e','jcueva',1),
                 (2,'e10adc3949ba59abbe56e057f20f883e','aencalada',2),
                 (1,'e10adc3949ba59abbe56e057f20f883e','jmoics@gmail.com',2),
                 (1,'e10adc3949ba59abbe56e057f20f883e','jacky@gmail.com',2);

INSERT INTO T_SEG_MODULE (COMPANYID, DESCRIPTION, RESOURCE) VALUES
                (2,'Módulo para visualización de productos','MODULE_PROD_PRODUCT_VIEW'),
                (2,'Módulo para edición de productos','MODULE_PROD_PRODUCT_EDIT'),
                (2,'Módulo para creación y edición de productos','MODULE_PROD_PRODUCT_CREATE'),
                (2,'Módulo para edición de categorías','MODULE_PROD_CATEGORY_VIEW'),
                (2,'Módulo para edición de categorías','MODULE_PROD_CATEGORY_EDIT'),
                (2,'Módulo para edición y creación de categorías','MODULE_PROD_CATEGORY_CREATE'),
                (2,'Módulo para visualización de marcas','MODULE_PROD_TRADEMARK_VIEW'),
                (2,'Módulo para edición de marcas','MODULE_PROD_TRADEMARK_EDIT'),
                (2,'Módulo para edición y creación de marcas','MODULE_PROD_TRADEMARK_CREATE'),
                (2,'Módulo para administración de roles','MODULE_ADM_ROLE_VIEW'),
                (2,'Módulo para edición de roles','MODULE_ADM_ROLE_EDIT'),
                (2,'Módulo para creación de roles','MODULE_ADM_ROLE_CREATE'),
                (2,'Módulo para administración de areas','MODULE_ADM_AREA_VIEW'),
                (2,'Módulo para edición de áreas','MODULE_ADM_AREA_EDIT'),
                (2,'Módulo para creación de áreas','MODULE_ADM_AREA_CREATE'),
                (2,'Módulo para administración de modules','MODULE_ADM_MODULE_VIEW'),
                (2,'Módulo para edición de recursos','MODULE_ADM_MODULE_EDIT'),
                (2,'Módulo para creación de recursos','MODULE_ADM_MODULE_CREATE'),
                (2,'Módulo para asignacion de recursos a roles','MODULE_ADM_ROLEMODULE_VIEW'),
                (2,'Módulo para editar asignaciones de recursos a roles','MODULE_ADM_ROLEMODULE_EDIT'),
                (2,'Módulo para visualización de empleados','MODULE_ADM_EMPLOYEE_VIEW'),
                (2,'Módulo para edición de empleados','MODULE_ADM_EMPLOYEE_EDIT'),
                (2,'Módulo para creación de empleados','MODULE_ADM_EMPLOYEE_CREATE'),
                (2,'Módulo para administrar la contrasena','MODULE_CHANGE_PASS');

INSERT INTO T_SEG_ROLE2MODULE (ROLEID, MODULEID, ACTIVE)
            VALUES (1,3,true),(1,6,true),(1,9,true),(1,12,true),(1,15,true),(1,18,true),(1,20,true),(1,23,true),(1,24,true),
                   (2,1,true),(2,4,true),(2,8,true),(3,3,true),(3,5,true),(3,9,true),(3,24,true),(4,3,true),(4,6,true),(4,24,true),
                   (5,3,true),(5,5,true),(5,8,true),(5,10,true),(5,13,true),(5,16,true),(5,20,true),(5,23,true),(5,24,true);
                   
INSERT INTO T_SEG_MODULE_ACCESSUI (MODULEID, NAMEUI) VALUES
                (1,'pe.com.jx_market.controller.PO_EAMainMenu'),
                (1,'pe.com.jx_market.controller.PO_EAProducts'),
                (1,'pe.com.jx_market.controller.PO_EAProductsEdit'),
                (2,'pe.com.jx_market.controller.PO_EAMainMenu'),
                (2,'pe.com.jx_market.controller.PO_EAProducts'),
                (2,'pe.com.jx_market.controller.PO_EAProductsEdit'),
                (3,'pe.com.jx_market.controller.PO_EAMainMenu'),
                (3,'pe.com.jx_market.controller.PO_EAProducts'),
                (3,'pe.com.jx_market.controller.PO_EAProductsEdit'),
                (3,'pe.com.jx_market.controller.PO_EAProductsCreate'),
                (4,'pe.com.jx_market.controller.PO_EAMainMenu'),
                (4,'pe.com.jx_market.controller.PO_EACategory'),
                (4,'pe.com.jx_market.controller.PO_EACategoryEdit'),
                (5,'pe.com.jx_market.controller.PO_EAMainMenu'),
                (5,'pe.com.jx_market.controller.PO_EACategory'),
                (5,'pe.com.jx_market.controller.PO_EACategoryEdit'),
                (6,'pe.com.jx_market.controller.PO_EAMainMenu'),
                (6,'pe.com.jx_market.controller.PO_EACategory'),
                (6,'pe.com.jx_market.controller.PO_EACategoryEdit'),
                (6,'pe.com.jx_market.controller.PO_EACategoryCreate'),
                (8,'pe.com.jx_market.controller.PO_EAMainMenu'),
                (8,'pe.com.jx_market.controller.PO_EATradeMark'),
                (8,'pe.com.jx_market.controller.PO_EATradeMarkEdit'),
                (9,'pe.com.jx_market.controller.PO_EAMainMenu'),
                (9,'pe.com.jx_market.controller.PO_EATradeMark'),
                (9,'pe.com.jx_market.controller.PO_EATradeMarkEdit'),
                (10,'pe.com.jx_market.controller.PO_EAMainMenu'),
                (10,'pe.com.jx_market.controller.PO_EATradeMark'),
                (10,'pe.com.jx_market.controller.PO_EATradeMarkEdit'),
                (10,'pe.com.jx_market.controller.PO_EATradeMarkCreate'),
                (12,'pe.com.jx_market.controller.PO_EAMainMenu'),
                (12,'pe.com.jx_market.controller.PO_EAAdministrateRole'),
                (12,'pe.com.jx_market.controller.PO_EAAdministrateRoleEdit'),
                (13,'pe.com.jx_market.controller.PO_EAMainMenu'),
                (13,'pe.com.jx_market.controller.PO_EAAdministrateRole'),
                (13,'pe.com.jx_market.controller.PO_EAAdministrateRoleEdit'),
                (14,'pe.com.jx_market.controller.PO_EAMainMenu'),
                (14,'pe.com.jx_market.controller.PO_EAAdministrateRole'),
                (14,'pe.com.jx_market.controller.PO_EAAdministrateRoleEdit'),
                (14,'pe.com.jx_market.controller.PO_EAAdministrateRoleCreate'),
                (15,'pe.com.jx_market.controller.PO_EAMainMenu'),
                (15,'pe.com.jx_market.controller.PO_EAAdministrateArea'),
                (15,'pe.com.jx_market.controller.PO_EAAdministrateAreaEdit'),
                (16,'pe.com.jx_market.controller.PO_EAMainMenu'),
                (16,'pe.com.jx_market.controller.PO_EAAdministrateArea'),
                (16,'pe.com.jx_market.controller.PO_EAAdministrateAreaEdit'),
                (17,'pe.com.jx_market.controller.PO_EAMainMenu'),
                (17,'pe.com.jx_market.controller.PO_EAAdministrateArea'),
                (17,'pe.com.jx_market.controller.PO_EAAdministrateAreaEdit'),
                (17,'pe.com.jx_market.controller.PO_EAAdministrateAreaCreate'),
                (18,'pe.com.jx_market.controller.PO_EAMainMenu'),
                (18,'pe.com.jx_market.controller.PO_EAAdministrateModule'),
                (18,'pe.com.jx_market.controller.PO_EAAdministrateModuleEdit'),
                (19,'pe.com.jx_market.controller.PO_EAMainMenu'),
                (19,'pe.com.jx_market.controller.PO_EAAdministrateModule'),
                (19,'pe.com.jx_market.controller.PO_EAAdministrateModuleEdit'),
                (20,'pe.com.jx_market.controller.PO_EAMainMenu'),
                (20,'pe.com.jx_market.controller.PO_EAAdministrateModule'),
                (20,'pe.com.jx_market.controller.PO_EAAdministrateModuleEdit'),
                (20,'pe.com.jx_market.controller.PO_EAAdministrateModuleCreate'),
                (21,'pe.com.jx_market.controller.PO_EAMainMenu'),
                (21,'pe.com.jx_market.controller.PO_EAAdministrateRoleModule'),
                (21,'pe.com.jx_market.controller.PO_EAAdministrateRoleModuleEdit'),
                (22,'pe.com.jx_market.controller.PO_EAMainMenu'),
                (22,'pe.com.jx_market.controller.PO_EAAdministrateRoleModule'),
                (22,'pe.com.jx_market.controller.PO_EAAdministrateRoleModuleEdit'),
                (23,'pe.com.jx_market.controller.PO_EAMainMenu'),
                (23,'pe.com.jx_market.controller.PO_EAAdministrateEmployee'),
                (23,'pe.com.jx_market.controller.PO_EAAdministrateEmployeeEdit'),
                (24,'pe.com.jx_market.controller.PO_EAMainMenu'),
                (24,'pe.com.jx_market.controller.PO_EAAdministrateEmployee'),
                (24,'pe.com.jx_market.controller.PO_EAAdministrateEmployeeEdit'),
                (25,'pe.com.jx_market.controller.PO_EAMainMenu'),
                (25,'pe.com.jx_market.controller.PO_EAAdministrateEmployee'),
                (25,'pe.com.jx_market.controller.PO_EAAdministrateEmployeeEdit'),
                (25,'pe.com.jx_market.controller.PO_EAAdministrateEmployeeCreate');
                
INSERT INTO T_SEG_MODULE_WIDGETUI (ACCESSUIID, NAMEUI) VALUES
                (1,'id_option_prod_products'),
                (2,'btnView'),
                (4,'id_option_prod_products'),
                (5,'btnEdit'),
                (6,'btnSave'),
                (6,'btnSave2'),
                (6,'btnSave3'),
                (7,'id_option_prod_products'),
                (8,'btnCreate'),
                (8,'btnEdit'),
                (9,'btnSave'),
                (9,'btnSave2'),
                (9,'btnSave3'),
                (10,'btnSave'),
                (10,'btnSave2'),
                (10,'btnSave3'),
                (11,'id_option_prod_categ'),
                (14,'id_option_prod_categ'),
                (15,'btnEdit'),
                (16,'btnSave'),
                (17,'id_option_prod_categ'),
                (18,'btnCreate'),
                (18,'btnEdit'),
                (19,'btnSave'),
                (20,'btnSave'),
                (21,'id_option_prod_tradeMark'),
                (22,'btnView'),
                (24,'id_option_prod_tradeMark'),
                (25,'btnEdit'),
                (26,'btnSave'),
                (27,'id_option_prod_tradeMark'),
                (28,'btnCreate'),
                (28,'btnEdit'),
                (29,'btnSave'),
                (30,'btnSave'),
                (31,'id_option_adm_roles'),
                (32,'btnView'),
                (34,'id_option_adm_roles'),
                (35,'btnEdit'),
                (36,'btnSave'),
                (37,'id_option_adm_roles'),
                (38,'btnCreate'),
                (38,'btnEdit'),
                (38,'btnDelete'),
                (39,'btnSave'),
                (40,'btnSave'),
                (41,'id_option_adm_areas'),
                (42,'btnView'),
                (44,'id_option_adm_areas'),
                (45,'btnEdit'),
                (46,'btnSave'),
                (47,'id_option_adm_areas'),
                (48,'btnCreate'),
                (48,'btnEdit'),
                (48,'btnDelete'),
                (49,'btnSave'),
                (50,'btnSave'),
                (51,'id_option_adm_mod'),
                (52,'btnView'),
                (54,'id_option_adm_mod'),
                (55,'btnEdit'),
                (56,'btnSave'),
                (57,'id_option_adm_mod'),
                (58,'btnCreate'),
                (58,'btnEdit'),
                (58,'btnDelete'),
                (59,'btnSave'),
                (60,'btnSave'),
                (61,'id_option_adm_role_module'),
                (64,'id_option_adm_role_module'),
                (65,'btnEdit'),
                (66,'btnSave'),
                (67,'id_option_adm_emp'),
                (68,'btnView'),
                (70,'id_option_adm_emp'),
                (71,'btnEdit'),
                (72,'btnSave'),
                (73,'id_option_adm_emp'),
                (74,'btnCreate'),
                (74,'btnEdit'),
                (74,'btnDelete'),
                (75,'btnSave'),
                (76,'btnSave');

INSERT INTO T_BUS_PARAMTYPE (COMPANYID,NAME,DESCRIPTION)
            VALUES (2,'DOCUMENT_TYPE','Parametro para guardar los tipos de documento'),
                   (2,'SEX_TYPE','Parametro para guardar el género de la persona'),
                   (2,'CIVILSTATE_TYPE','Parametro para guardar el estado civil de la persona');

INSERT INTO T_BUS_PARAMETER (COMPANYID,PARAMTYPEID,NAME,DESCRIPTION)
            VALUES (2,1,'DNI','DNI'),(2,1,'CE','Carnet de Extranjería'),
                   (2,2,'Masculino','Masculino'),(2,2,'Femenino','Femenino'),
                   (2,3,'Soltero','Soltero'),(2,3,'Casado','Casado');

INSERT INTO T_BUS_EMPLOYEE (USERID, COMPANYID, NAME, LASTNAME, LASTNAME2, DOCTYPEID, DOCNUMBER, ADDRESS, PHONE, CELLPHONE, EMAIL, CITY, UBIGEO, BIRTHDAY, SEXID, CIVILSTATEID, ACTIVE)
            VALUES (4,2,'Jorge','Cueva','Samames',1,'44128463','Mi casa','4823262','945190242','jmoics@gmail.com','Lima','150135','1987-12-01',3,5,true),
                  (2,2,'George','Cave',null,1,'44128463','mi house','4563423','987755443','','lima','lima','1987-04-03',3,5,true);

INSERT INTO T_BUS_CATEGORY (COMPANYID, NAME, ACTIVE, PARENTID)
            VALUES (2, 'Cómputo y Videojuegos', true, null),
                  (2, 'Cómputo', true, 1),
                  (2, 'Tablets y Accesorios', true, 1),
                  (2, 'Videojuegos', true, 1),
                  (2, 'PlayStation', true, 4),
                  (2, 'Desktop', true, 2),
                  (2, 'TV, Audio y Foto', true, null),
                  (2, 'TV y Video', true, 7);

INSERT INTO T_BUS_TRADEMARK (COMPANYID, NAME, ACTIVE, IMAGE)
            VALUES (2, 'Sony', true, null),
                  (2, 'Toshiba', true, null),
                  (2, 'LG', true, null),
                  (2, 'Samsung', true, null);

INSERT INTO T_BUS_PRODUCT (COMPANYID, TRADEMARKID, NAME, DESCRIPTION, ACTIVE)
           VALUES (2,1,'Ring Action','juego de video de accion basado en la trilogia del senior de los anillos',true),
                  (2,1,'Final Fantasy X','Juego de ROL, para consola Play Station 2',true),
                  (2,1,'PS2','play station 2 color azul con un mando y una memory card',true),
                  (2,1,'PS2','play station 2 azul y negro mas un mando',true),
                  (2,1,'Final fantasy x-2','Juego rpg final fantasy x-2 original en caja',true),
                  (2,1,'Final Fantasy XII','Juego Final Fantasy XII original algo rayadito XD',true),
                  (2,1,'PS2','consola ps2',true);

INSERT INTO T_BUS_CATEG2ARTIC (CATEGORYID, PRODUCTID)
           VALUES (1,1),(1,2),(1,3),(1,4),(1,5),(1,6),(1,7),(2,1),(2,2),(4,3),(4,4),(2,5),(2,6),(4,7);

/*INSERT INTO T_BUS_PRECIO (PRODUCTID, DESDE, HASTA, MONTO)
           VALUES (1,'2015-01-01','2015-05-31',24.50), (2,'2015-01-01','2015-05-31',25.90), (3,'2015-01-01','2015-05-31',550.00),
                  (4,'2015-01-01','2015-05-31',540.00),(5,'2015-01-01','2015-05-31',35.00), (6,'2015-01-01','2015-05-31',40.00),
                  (7,'2015-01-01','2015-05-31',500.00);

INSERT INTO T_BUS_COSTO (PRODUCTID, DESDE, HASTA, MONTO)
           VALUES (1,'2015-01-01','2015-05-31',19.50), (2,'2015-01-01','2015-05-31',18.40), (3,'2015-01-01','2015-05-31',490.00),
                  (4,'2015-01-01','2015-05-31',500.00),(5,'2015-01-01','2015-05-31',28.00), (6,'2015-01-01','2015-05-31',32.00),
                  (7,'2015-01-01','2015-05-31',450.00);
*/

INSERT INTO T_BUS_CLIENT (COMPANYID, USERID, NAME, LASTNAME, LASTNAME2, BIRTHDAY, DOCTYPEID,DOCNUMBER, ADDRESS, PHONE, CELLPHONE, EMAIL, CITY, UBIGEO, POSTCODE, ACTIVE)
          VALUES (1,2,'Jorge','Cueva','Samames','1987-02-12',1,'44128463','mi casa','4564564','987987987','jmoics@gmail.com','Lima','150135',NULL,true),
                 (1,7,'Jackeline','Rios','Ramos','1989-08-20',1,'45645645','su casa','4564564','987987987','jacky@gmail.com','Lima','150135',NULL,true);

INSERT INTO T_BUS_PEDIDO_TIPO (TIPOPED_V_DESCRIPCION) VALUES ('Entrega a domicilio'),('Recoger el producto');

INSERT INTO T_BUS_PEDIDO (COMPANYID,CLIENTID,TIPOPED_N_CODIGO,PEDIDO_D_FECHA,PEDIDO_N_IGV,PEDIDO_N_TOTAL) VALUES (1,1,1,'2011-01-05',0,6300.00),(2,1,1,'2011-01-05',0,4900.00),(3,1,1,'2011-01-05',0,1400.00);

INSERT INTO T_BUS_PEDIDO2PEDIDO VALUES (1,2),(1,3);

INSERT INTO T_BUS_PEDIDO_DET VALUES (2,4,4),(2,5,5),(3,7,35);

INSERT INTO T_BUS_SOLICITUD (SOLICITUD_V_RAZON,SOLICITUD_N_RUC,SOLICITUD_D_FECHA,SOLICITUD_N_ESTADO,SOLICITUD_V_EMAIL) VALUES ('Bioquimica','96495623526','2011-01-06',4,'io@gmail.com');


INSERT INTO T_BUS_UBICATION (PARENTID, NAME, CODE) VALUES
(null,'-',''),
(null,'Amazonas','010000'),
(2,'Chachapoyas','010100'),
(2,'Bagua','010200'),
(2,'Bongara','010300'),
(2,'Condorcanqui','010400'),
(2,'Luya','010500'),
(2,'Rodríguez de Mendoza','010600'),
(2,'Utcubamba','010700'),
(3,'Chachapoyas','010101'),
(3,'Asunción','010102'),
(3,'Balsas','010103'),
(3,'Cheto','010104'),
(3,'Chiliquin','010105'),
(3,'Chuquilibamba','010106'),
(3,'Granada','010107'),
(3,'Huancas','010108'),
(3,'La Jalca','010109'),
(3,'Leimebamba','010110'),
(3,'Levanto','010111'),
(3,'Magdalena','010112'),
(3,'Mariscal Castilla','010113'),
(3,'Molinopampa','010114'),
(3,'Montevideo','010115'),
(3,'Olleros','010116'),
(3,'Quinjalca','010117'),
(3,'San Francisco de Daguas','010118'),
(3,'San Isidro de Maino','010119'),
(3,'Soloco','010120'),
(3,'Sonche','010121'),
(4,'Bagua','010201'),
(4,'Aramango','010202'),
(4,'Copallín','010203'),
(4,'El Parco','010204'),
(4,'Imaza','010205'),
(4,'La Peca','010206'),
(5,'Jumbilla','010301'),
(5,'Chisquilla','010302'),
(5,'Churuja','010303'),
(5,'Corocha','010304'),
(5,'Cuispes','010305'),
(5,'Florida','010306'),
(5,'Jazan','010307'),
(5,'Recta','010308'),
(5,'San Carlos','010309'),
(5,'Shipasbamba','010310'),
(5,'Valera','010311'),
(5,'Yambrasbamba','010312'),
(6,'Nieva','010401'),
(6,'El Cenepa','010402'),
(6,'Río Santiago','010403'),
(7,'Lamud','010501'),
(7,'Camporredondo','010502'),
(7,'Cocabamba','010503'),
(7,'Colcamar','010504'),
(7,'Conila','010505'),
(7,'Inguilpata','010506'),
(7,'Longuita','010507'),
(7,'Lonya Chico','010508'),
(7,'Luya','010509'),
(7,'Luya Viejo','010510'),
(7,'María','010511'),
(7,'Ocalli','010512'),
(7,'Ocumal','010513'),
(7,'Pisuquia','010514'),
(7,'Providencia','010515'),
(7,'San Cristobal','010516'),
(7,'San Franciso del Yeso','010517'),
(7,'San Jeronimo','010518'),
(7,'San Juan de Lopecancha','010519'),
(7,'Santa Catalina','010520'),
(7,'Santiago Tomás','010521'),
(7,'Tingo','010522'),
(7,'Trita','010523'),
(8,'San Nicolás','010601'),
(8,'Chirimoto','010602'),
(8,'Cochamal','010603'),
(8,'Huambo','010604'),
(8,'Limabamba','010605'),
(8,'Longar','010606'),
(8,'Mariscal Benavides','010607'),
(8,'Milpuc','010608'),
(8,'Omia','010609'),
(8,'Santa Rosa','010610'),
(8,'Totora','010611'),
(8,'Vista Alegre','010612'),
(9,'Bagua Grande','010701'),
(9,'Cajaruro','010702'),
(9,'Cumba','010703'),
(9,'El Milagro','010704'),
(9,'Jamalca','010705'),
(9,'Lonya Grande','010706'),
(9,'Yamón','010707'),
(null,'Ancash','020000'),
(94,'Huaraz','020100'),
(94,'Aija','020200'),
(94,'Antonio Raymondi','020300'),
(94,'Asunción','020400'),
(94,'Bolognesi','020500'),
(94,'Carhuaz','020600'),
(94,'Carlos Fermín Fitzcarrald','020700'),
(94,'Casma','020800'),
(94,'Corongo','020900'),
(94,'Huari','021000'),
(94,'Huarmey','021100'),
(94,'Huaylas','021200'),
(94,'Mariscal Luzuriaga','021300'),
(94,'Ocros','021400'),
(94,'Pallasca','021500'),
(94,'Pomabamba','021600'),
(94,'Recuay','021700'),
(94,'Santa','021800'),
(94,'Sihuas','021900'),
(94,'Yungay','022000'),
(95,'Huaraz','020101'),
(95,'Cochabamba','020102'),
(95,'Colcabamba','020103'),
(95,'Huanchay','020104'),
(95,'Independencia','020105'),
(95,'Jangas','020106'),
(95,'La Libertad','020107'),
(95,'Olleros','020108'),
(95,'Pampas','020109'),
(95,'Pariacoto','020110'),
(95,'Pira','020111'),
(95,'Tarica','020112'),
(96,'Aija','020201'),
(96,'Coris','020202'),
(96,'Huacllan','020203'),
(96,'La Merced','020204'),
(96,'Succha','020205'),
(97,'Llamellín','020301'),
(97,'Aczo','020302'),
(97,'Chaccho','020303'),
(97,'Chingas','020304'),
(97,'Mirgas','020305'),
(97,'San Juan De Rontoy','020306'),
(98,'Chacas','020401'),
(98,'Acochaca','020402'),
(99,'Chiquian','020501'),
(99,'Abelardo Pardo Lezameta','020502'),
(99,'Antonio Raymondi','020503'),
(99,'Aquia','020504'),
(99,'Cajacay','020505'),
(99,'Canis','020506'),
(99,'Colquioc','020507'),
(99,'Huallanca','020508'),
(99,'Huasta','020509'),
(99,'Huayllacayan','020510'),
(99,'La Primavera','020511'),
(99,'Mangas','020512'),
(99,'Pacllon','020513'),
(99,'San Miguel De Corpanqui','020514'),
(99,'Ticllos','020515'),
(100,'Carhuaz','020601'),
(100,'Acopampa','020602'),
(100,'Amashca','020603'),
(100,'Anta','020604'),
(100,'Ataquero','020605'),
(100,'Marcara','020606'),
(100,'Parihuanca','020607'),
(100,'San Miguel De Aco','020608'),
(100,'Shilla','020609'),
(100,'Tinco','020610'),
(100,'Yungar','020611'),
(101,'San Luis','020701'),
(101,'San Nicolás','020702'),
(101,'Yauya','020703'),
(102,'Casma','020801'),
(102,'Buena Vista Alta','020802'),
(102,'Comandante Noel','020803'),
(102,'Yautan','020804'),
(103,'Corongo','020901'),
(103,'Aco','020902'),
(103,'Bambas','020903'),
(103,'Cusca','020904'),
(103,'La Pampa','020905'),
(103,'Yanac','020906'),
(103,'Yupán','020907'),
(104,'Huari','021001'),
(104,'Anra','021002'),
(104,'Cajay','021003'),
(104,'Chavín De Huantar','021004'),
(104,'Huacachi','021005'),
(104,'Huacchis','021006'),
(104,'Huachis','021007'),
(104,'Huantar','021008'),
(104,'Masin','021009'),
(104,'Paucas','021010'),
(104,'Ponto','021011'),
(104,'Rahuapampa','021012'),
(104,'Rapayan','021013'),
(104,'San Marcos','021014'),
(104,'San Pedro De Chana','021015'),
(104,'Uco','021016'),
(105,'Huarmey','021101'),
(105,'Cochapeti','021102'),
(105,'Culebras','021103'),
(105,'Huayan','021104'),
(105,'Malvas','021105'),
(106,'Caraz','021201'),
(106,'Huallanca','021202'),
(106,'Huata','021203'),
(106,'Huaylas','021204'),
(106,'Mato','021205'),
(106,'Pamparomas','021206'),
(106,'Pueblo Libre','021207'),
(106,'Santa Cruz','021208'),
(106,'Santo Toribio','021209'),
(106,'Yuracmarca','021210'),
(107,'Piscobamba','021301'),
(107,'Casca','021302'),
(107,'Eleazar Guzmán Barron','021303'),
(107,'Fidel Olivas Escudero','021304'),
(107,'Llama','021305'),
(107,'Llumpa','021306'),
(107,'Lucma','021307'),
(107,'Musga','021308'),
(108,'Ocros','021401'),
(108,'Acas','021402'),
(108,'Cajamarquilla','021403'),
(108,'Carhuapampa','021404'),
(108,'Cochas','021405'),
(108,'Congas','021406'),
(108,'Llipa','021407'),
(108,'San Cristóbal De Rajan','021408'),
(108,'San Pedro','021409'),
(108,'Santiago De Chilcas','021410'),
(109,'Cabana','021501'),
(109,'Bolognesi','021502'),
(109,'Conchucos','021503'),
(109,'Huacaschuque','021504'),
(109,'Huandoval','021505'),
(109,'Lacabamba','021506'),
(109,'Llapo','021507'),
(109,'Pallasca','021508'),
(109,'Pampas','021509'),
(109,'Santa Rosa','021510'),
(109,'Tauca','021511'),
(110,'Pomabamba','021601'),
(110,'Huayllán','021602'),
(110,'Parobamba','021603'),
(110,'Quinuabamba','021604'),
(111,'Recuay','021701'),
(111,'Catac','021702'),
(111,'Cotaparaco','021703'),
(111,'Huayllapampa','021704'),
(111,'Llacllín','021705'),
(111,'Marca','021706'),
(111,'Pampas Chico','021707'),
(111,'Pararín','021708'),
(111,'Tapacocha','021709'),
(111,'Ticapampa','021710'),
(112,'Chimbote','021801'),
(112,'Cáceres Del Perú','021802'),
(112,'Coishco','021803'),
(112,'Macate','021804'),
(112,'Moro','021805'),
(112,'Nepeña','021806'),
(112,'Samanco','021807'),
(112,'Santa','021808'),
(112,'Nuevo Chimbote','021809'),
(113,'Sihuas','021901'),
(113,'Acobamba','021902'),
(113,'Alfonso Ugarte','021903'),
(113,'Cashapampa','021904'),
(113,'Chingalpo','021905'),
(113,'Huayllabamba','021906'),
(113,'Quiches','021907'),
(113,'Ragash','021908'),
(113,'San Juan','021909'),
(113,'Sicsibamba','021910'),
(114,'Yungay','022001'),
(114,'Cascapara','022002'),
(114,'Mancos','022003'),
(114,'Matacoto','022004'),
(114,'Quillo','022005'),
(114,'Ranrahirca','022006'),
(114,'Shupluy','022007'),
(114,'Yanama','022008'),
(null,'Apurímac','030000'),
(281,'Abancay','030100'),
(281,'Andahuaylas','030200'),
(281,'Antabamba','030300'),
(281,'Aymaraes','030400'),
(281,'Cotabambas','030500'),
(281,'Chincheros','030600'),
(281,'Grau','030700'),
(282,'Abancay','030101'),
(282,'Chacoche','030102'),
(282,'Circa','030103'),
(282,'Curahuasi','030104'),
(282,'Huanipaca','030105'),
(282,'Lambrama','030106'),
(282,'Pichirhua','030107'),
(282,'San Pedro De Cachora','030108'),
(282,'Tamburco','030109'),
(283,'Andahuaylas','030201'),
(283,'Andarapa','030202'),
(283,'Chiara','030203'),
(283,'Huancarama','030204'),
(283,'Huancaray','030205'),
(283,'Huayana','030206'),
(283,'Kishuara','030207'),
(283,'Pacobamba','030208'),
(283,'Pacucha','030209'),
(283,'Pampachiri','030210'),
(283,'Pomacocha','030211'),
(283,'San Antonio De Cachi','030212'),
(283,'San Jerónimo','030213'),
(283,'San Miguel De Chaccrampa','030214'),
(283,'Santa María De Chicmo','030215'),
(283,'Talavera','030216'),
(283,'Tumay Huaraca','030217'),
(283,'Turpo','030218'),
(283,'Kaquiabamba','030219'),
(284,'Antabamba','030301'),
(284,'El Oro','030302'),
(284,'Huaquirca','030303'),
(284,'Juan Espinoza Medrano','030304'),
(284,'Oropesa','030305'),
(284,'Pachaconas','030306'),
(284,'Sabaino','030307'),
(285,'Chalhuanca','030401'),
(285,'Capaya','030402'),
(285,'Caraybamba','030403'),
(285,'Chapimarca','030404'),
(285,'Colcabamba','030405'),
(285,'Cotaruse','030406'),
(285,'Huayllo','030407'),
(285,'Justo Apu Sahuaraura','030408'),
(285,'Lucre','030409'),
(285,'Pocohuanca','030410'),
(285,'San Juan De Chacña','030411'),
(285,'Sañayca','030412'),
(285,'Soraya','030413'),
(285,'Tapairihua','030414'),
(285,'Tintay','030415'),
(285,'Toraya','030416'),
(285,'Yanaca','030417'),
(286,'Tambobamba','030501'),
(286,'Cotabambas','030502'),
(286,'Coyllurqui','030503'),
(286,'Haquira','030504'),
(286,'Mara','030505'),
(286,'Challhuahuacho','030506'),
(287,'Chincheros','030601'),
(287,'Anco_Huallo','030602'),
(287,'Cocharcas','030603'),
(287,'Huaccana','030604'),
(287,'Ocobamba','030605'),
(287,'Ongoy','030606'),
(287,'Uranmarca','030607'),
(287,'Ranracancha','030608'),
(288,'Chuquibambilla','030701'),
(288,'Curpahuasi','030702'),
(288,'Gamarra','030703'),
(288,'Huayllati','030704'),
(288,'Mamara','030705'),
(288,'Micaela Bastidas','030706'),
(288,'Pataypampa','030707'),
(288,'Progreso','030708'),
(288,'San Antonio','030709'),
(288,'Santa Rosa','030710'),
(288,'Turpay','030711'),
(288,'Vilcabamba','030712'),
(288,'Virundo','030713'),
(288,'Curasco','030714'),
(null,'Arequipa','040000'),
(369,'Arequipa','040100'),
(369,'Camaná','040200'),
(369,'Caraveli','040300'),
(369,'Castilla','040400'),
(369,'Caylloma','040500'),
(369,'Condesuyos','040600'),
(369,'Islay','040700'),
(369,'La Unión','040800'),
(370,'Arequipa','040101'),
(370,'Alto Selva Alegre','040102'),
(370,'Cayma','040103'),
(370,'Cerro Colorado','040104'),
(370,'Characato','040105'),
(370,'Chiguata','040106'),
(370,'Jacobo Hunter','040107'),
(370,'La Joya','040108'),
(370,'Mariano Melgar','040109'),
(370,'Miraflores','040110'),
(370,'Mollebaya','040111'),
(370,'Paucarpata','040112'),
(370,'Pocsi','040113'),
(370,'Polobaya','040114'),
(370,'Quequeña','040115'),
(370,'Sabandia','040116'),
(370,'Sachaca','040117'),
(370,'San Juan De Siguas','040118'),
(370,'San Juan De Tarucani','040119'),
(370,'Santa Isabel De Siguas','040120'),
(370,'Santa Rita De Siguas','040121'),
(370,'Socabaya','040122'),
(370,'Tiabaya','040123'),
(370,'Uchumayo','040124'),
(370,'Vitor','040125'),
(370,'Yanahuara','040126'),
(370,'Yarabamba','040127'),
(370,'Yura','040128'),
(370,'Jose Luís Bustamante Y Rivero','040129'),
(371,'Camaná','040201'),
(371,'Jose María Quimper','040202'),
(371,'Mariano Nicolás Valcarcel','040203'),
(371,'Mariscal Cáceres','040204'),
(371,'Nicolás De Pierola','040205'),
(371,'Ocoña','040206'),
(371,'Quilca','040207'),
(371,'Samuel Pastor','040208'),
(372,'Caraveli','040301'),
(372,'Acari','040302'),
(372,'Atico','040303'),
(372,'Atiquipa','040304'),
(372,'Bella Unión','040305'),
(372,'Cahuacho','040306'),
(372,'Chala','040307'),
(372,'Chaparra','040308'),
(372,'Huanuhuanu','040309'),
(372,'Jaqui','040310'),
(372,'Lomas','040311'),
(372,'Quicacha','040312'),
(372,'Yauca','040313'),
(373,'Aplao','040401'),
(373,'Andagua','040402'),
(373,'Ayo','040403'),
(373,'Chachas','040404'),
(373,'Chilcaymarca','040405'),
(373,'Choco','040406'),
(373,'Huancarqui','040407'),
(373,'Machaguay','040408'),
(373,'Orcopampa','040409'),
(373,'Pampacolca','040410'),
(373,'Tipan','040411'),
(373,'Uñón','040412'),
(373,'Uraca','040413'),
(373,'Viraco','040414'),
(374,'Chivay','040501'),
(374,'Achoma','040502'),
(374,'Cabanaconde','040503'),
(374,'Callalli','040504'),
(374,'Caylloma','040505'),
(374,'Coporaque','040506'),
(374,'Huambo','040507'),
(374,'Huanca','040508'),
(374,'Ichupampa','040509'),
(374,'Lari','040510'),
(374,'Lluta','040511'),
(374,'Maca','040512'),
(374,'Madrigal','040513'),
(374,'San Antonio De Chuca','040514'),
(374,'Sibayo','040515'),
(374,'Tapay','040516'),
(374,'Tisco','040517'),
(374,'Tuti','040518'),
(374,'Yanque','040519'),
(374,'Majes','040520'),
(375,'Chuquibamba','040601'),
(375,'Andaray','040602'),
(375,'Cayarani','040603'),
(375,'Chichas','040604'),
(375,'Iray','040605'),
(375,'Río Grande','040606'),
(375,'Salamanca','040607'),
(375,'Yanaquihua','040608'),
(376,'Mollendo','040701'),
(376,'Cocachacra','040702'),
(376,'Dean Valdivia','040703'),
(376,'Islay','040704'),
(376,'Mejía','040705'),
(376,'Punta De Bombon','040706'),
(377,'Cotahuasi','040801'),
(377,'Alca','040802'),
(377,'Charcana','040803'),
(377,'Huaynacotas','040804'),
(377,'Pampamarca','040805'),
(377,'Puyca','040806'),
(377,'Quechualla','040807'),
(377,'Sayla','040808'),
(377,'Tauria','040809'),
(377,'Tomepampa','040810'),
(377,'Toro','040811'),
(null,'Ayacucho','050000'),
(487,'Huamanga','050100'),
(487,'Cangallo','050200'),
(487,'Huanca Sancos','050300'),
(487,'Huanta','050400'),
(487,'La Mar','050500'),
(487,'Lucanas','050600'),
(487,'Parinacochas','050700'),
(487,'Paucar Del Sara Sara','050800'),
(487,'Sucre','050900'),
(487,'Victor Fajardo','051000'),
(487,'Vilcas Huamán','051100'),
(488,'Ayacucho','050101'),
(488,'Acocro','050102'),
(488,'Acos Vinchos','050103'),
(488,'Carmen Alto','050104'),
(488,'Chiara','050105'),
(488,'Ocros','050106'),
(488,'Pacaycasa','050107'),
(488,'Quinua','050108'),
(488,'San José De Ticllas','050109'),
(488,'San Juan Bautista','050110'),
(488,'Santiago De Pischa','050111'),
(488,'Socos','050112'),
(488,'Tambillo','050113'),
(488,'Vinchos','050114'),
(488,'Jesús Nazareno','050115'),
(489,'Cangallo','050201'),
(489,'Chuschi','050202'),
(489,'Los Morochucos','050203'),
(489,'María Parado De Bellido','050204'),
(489,'Paras','050205'),
(489,'Totos','050206'),
(490,'Sancos','050301'),
(490,'Carapo','050302'),
(490,'Sacsamarca','050303'),
(490,'Santiago De Lucanamarca','050304'),
(491,'Huanta','050401'),
(491,'Ayahuanco','050402'),
(491,'Huamanguilla','050403'),
(491,'Iguaín','050404'),
(491,'Luricocha','050405'),
(491,'Santillana','050406'),
(491,'Sivia','050407'),
(491,'Llochegua','050408'),
(492,'San Miguel','050501'),
(492,'Anco','050502'),
(492,'Ayna','050503'),
(492,'Chilcas','050504'),
(492,'Chungui','050505'),
(492,'Luís Carranza','050506'),
(492,'Santa Rosa','050507'),
(492,'Tambo','050508'),
(493,'Puquio','050601'),
(493,'Aucara','050602'),
(493,'Cabana','050603'),
(493,'Carmen Salcedo','050604'),
(493,'Chaviña','050605'),
(493,'Chipao','050606'),
(493,'Huac-huas','050607'),
(493,'Laramate','050608'),
(493,'Leoncio Prado','050609'),
(493,'Llauta','050610'),
(493,'Lucanas','050611'),
(493,'Ocaña','050612'),
(493,'Otoca','050613'),
(493,'Saisa','050614'),
(493,'San Cristóbal','050615'),
(493,'San Juan','050616'),
(493,'San Pedro','050617'),
(493,'San Pedro De Palco','050618'),
(493,'Sancos','050619'),
(493,'Santa Ana De Huaycahuacho','050620'),
(493,'Santa Lucia','050621'),
(494,'Coracora','050701'),
(494,'Chumpi','050702'),
(494,'Coronel castañeda','050703'),
(494,'Pacapausa','050704'),
(494,'Pullo','050705'),
(494,'Puyusca','050706'),
(494,'San Francisco De Ravacayco','050707'),
(494,'Upahuacho','050708'),
(495,'Pausa','050801'),
(495,'Colta','050802'),
(495,'Corculla','050803'),
(495,'Lampa','050804'),
(495,'Marcabamba','050805'),
(495,'Oyolo','050806'),
(495,'Pararca','050807'),
(495,'San Javier De Alpabamba','050808'),
(495,'San José De Ushua','050809'),
(495,'Sara Sara','050810'),
(496,'Querobamba','050901'),
(496,'Belen','050902'),
(496,'Chalcos','050903'),
(496,'Chilcayoc','050904'),
(496,'Huacaña','050905'),
(496,'Morcolla','050906'),
(496,'Paico','050907'),
(496,'San Pedro De Larcay','050908'),
(496,'San Salvador De Quije','050909'),
(496,'Santiago De Paucaray','050910'),
(496,'Soras','050911'),
(497,'Huancapi','051001'),
(497,'Alcamenca','051002'),
(497,'Apongo','051003'),
(497,'Asquipata','051004'),
(497,'Canaria','051005'),
(497,'Cayara','051006'),
(497,'Colca','051007'),
(497,'Huamanquiquia','051008'),
(497,'Huancaraylla','051009'),
(497,'Huaya','051010'),
(497,'Sarhua','051011'),
(497,'Vilcanchos','051012'),
(498,'Vilcas Huamán','051101'),
(498,'Accomarca','051102'),
(498,'Carhuanca','051103'),
(498,'Concepción','051104'),
(498,'Huambalpa','051105'),
(498,'Independencia','051106'),
(498,'Saurama','051107'),
(498,'Vischongo','051108'),
(null,'Cajamarca','060000'),
(610,'Cajamarca','060100'),
(610,'Cajabamba','060200'),
(610,'Celendín','060300'),
(610,'Chota','060400'),
(610,'Contumaza','060500'),
(610,'Cutervo','060600'),
(610,'Hualgayoc','060700'),
(610,'Jaén','060800'),
(610,'San Ignacio','060900'),
(610,'San Marcos','061000'),
(610,'San Miguel','061100'),
(610,'San Pablo','061200'),
(610,'Santa Cruz','061300'),
(611,'Cajamarca','060101'),
(611,'Asunción','060102'),
(611,'Chetilla','060103'),
(611,'Cospan','060104'),
(611,'Encañada','060105'),
(611,'Jesús','060106'),
(611,'Llacanora','060107'),
(611,'Los Baños Del Inca','060108'),
(611,'Magdalena','060109'),
(611,'Matara','060110'),
(611,'Namora','060111'),
(611,'San Juan','060112'),
(612,'Cajabamba','060201'),
(612,'Cachachi','060202'),
(612,'Condebamba','060203'),
(612,'Sitacocha','060204'),
(613,'Celendín','060301'),
(613,'Chumuch','060302'),
(613,'Cortegana','060303'),
(613,'Huasmín','060304'),
(613,'Jorge Chavez','060305'),
(613,'José Galvez','060306'),
(613,'Miguel Iglesias','060307'),
(613,'Oxamarca','060308'),
(613,'Sorochuco','060309'),
(613,'Sucre','060310'),
(613,'Utco','060311'),
(613,'La Libertad De Pallan','060312'),
(614,'Chota','060401'),
(614,'Anguia','060402'),
(614,'Chadin','060403'),
(614,'Chiguirip','060404'),
(614,'Chimban','060405'),
(614,'Choropampa','060406'),
(614,'Cochabamba','060407'),
(614,'Conchan','060408'),
(614,'Huambos','060409'),
(614,'Lajas','060410'),
(614,'Llama','060411'),
(614,'Miracosta','060412'),
(614,'Paccha','060413'),
(614,'Pion','060414'),
(614,'Querocoto','060415'),
(614,'San Juan De Licupis','060416'),
(614,'Tacabamba','060417'),
(614,'Tocmoche','060418'),
(614,'Chalamarca','060419'),
(615,'Contumaza','060501'),
(615,'Chilete','060502'),
(615,'Cupisnique','060503'),
(615,'Guzmango','060504'),
(615,'San Benito','060505'),
(615,'Santa Cruz De Toled','060506'),
(615,'Tantarica','060507'),
(615,'Yonan','060508'),
(616,'Cutervo','060601'),
(616,'Callayuc','060602'),
(616,'Choros','060603'),
(616,'Cujillo','060604'),
(616,'La Ramada','060605'),
(616,'Pimpingos','060606'),
(616,'Querocotillo','060607'),
(616,'San Andrés De Cutervo','060608'),
(616,'San Juan De Cutervo','060609'),
(616,'San Luís De Lucma','060610'),
(616,'Santa Cruz','060611'),
(616,'Santo Domingo De La Capilla','060612'),
(616,'Santo Tomás','060613'),
(616,'Socota','060614'),
(616,'Toribio Casanova','060615'),
(617,'Bambamarca','060701'),
(617,'Chugur','060702'),
(617,'Hualgayoc','060703'),
(618,'Jaén','060801'),
(618,'Bellavista','060802'),
(618,'Chontali','060803'),
(618,'Colasay','060804'),
(618,'Huabal','060805'),
(618,'Las Pirias','060806'),
(618,'Pomahuaca','060807'),
(618,'Pucara','060808'),
(618,'Sallique','060809'),
(618,'San Felipe','060810'),
(618,'San José Del Alto','060811'),
(618,'Santa Rosa','060812'),
(619,'San Ignacio','060901'),
(619,'Chirinos','060902'),
(619,'Huarango','060903'),
(619,'La Coipa','060904'),
(619,'Namballe','060905'),
(619,'San José De Lourdes','060906'),
(619,'Tabaconas','060907'),
(620,'Pedro Galvez','061001'),
(620,'Chancay','061002'),
(620,'Eduardo Villanueva','061003'),
(620,'Gregorio Pita','061004'),
(620,'Ichocan','061005'),
(620,'José Manuel Quiroz','061006'),
(620,'José Sabogal','061007'),
(621,'San Miguel','061101'),
(621,'Bolívar','061102'),
(621,'Calquis','061103'),
(621,'Catilluc','061104'),
(621,'El Prado','061105'),
(621,'La Florida','061106'),
(621,'Llapa','061107'),
(621,'Nanchoc','061108'),
(621,'Niepos','061109'),
(621,'San Gregorio','061110'),
(621,'San Silvestre De Cochán','061111'),
(621,'Tongod','061112'),
(621,'Unión Agua Blanca','061113'),
(622,'San Pablo','061201'),
(622,'San Bernardino','061202'),
(622,'San Luís','061203'),
(622,'Tumbaden','061204'),
(623,'Santa cruz','061301'),
(623,'Andabamba','061302'),
(623,'Catache','061303'),
(623,'Chancaybaños','061304'),
(623,'La Esperanza','061305'),
(623,'Ninabamba','061306'),
(623,'Pulan','061307'),
(623,'Saucepampa','061308'),
(623,'Sexi','061309'),
(623,'Uticyacu','061310'),
(623,'Yauyucan','061311'),
(null,'Callao','070000'),
(751,'Callao','070100'),
(752,'Callao','070101'),
(752,'Bellavista','070102'),
(752,'Carmen De La Legua Reynoso','070103'),
(752,'La Perla','070104'),
(752,'La Punta','070105'),
(752,'Ventanilla','070106'),
(null,'Cusco','080000'),
(759,'Cusco','080100'),
(759,'Acomayo','080200'),
(759,'Anta','080300'),
(759,'Calca','080400'),
(759,'Canas','080500'),
(759,'Canchis','080600'),
(759,'Chumbivilcas','080700'),
(759,'Espinar','080800'),
(759,'La Convención','080900'),
(759,'Paruro','081000'),
(759,'Paucartambo','081100'),
(759,'Quispicanchi','081200'),
(759,'Urubamba','081300'),
(760,'Cusco','080101'),
(760,'Ccorca','080102'),
(760,'Poroy','080103'),
(760,'San Jerónimo','080104'),
(760,'San Sebastián','080105'),
(760,'Santiago','080106'),
(760,'Saylla','080107'),
(760,'Wanchaq','080108'),
(761,'Acomayo','080201'),
(761,'Acopia','080202'),
(761,'Acos','080203'),
(761,'Mosoc Llacta','080204'),
(761,'Pomacanchi','080205'),
(761,'Rondocan','080206'),
(761,'Sangarara','080207'),
(762,'Anta','080301'),
(762,'Ancahuasi','080302'),
(762,'Cachimayo','080303'),
(762,'Chinchaypujio','080304'),
(762,'Huarocondo','080305'),
(762,'Limatambo','080306'),
(762,'Mollepata','080307'),
(762,'Pucyura','080308'),
(762,'Zurite','080309'),
(763,'Calca','080401'),
(763,'Coya','080402'),
(763,'Lamay','080403'),
(763,'Lares','080404'),
(763,'Pisac','080405'),
(763,'San Salvador','080406'),
(763,'Taray','080407'),
(763,'Yanatile','080408'),
(764,'Yanaoca','080501'),
(764,'Checca','080502'),
(764,'Kunturkanki','080503'),
(764,'Langui','080504'),
(764,'Layo','080505'),
(764,'Pampamarca','080506'),
(764,'Quehue','080507'),
(764,'Túpac Amaru','080508'),
(765,'Sicuani','080601'),
(765,'Checacupe','080602'),
(765,'Combapata','080603'),
(765,'Marangani','080604'),
(765,'Pitumarca','080605'),
(765,'San Pablo','080606'),
(765,'San Pedro','080607'),
(765,'Tinta','080608'),
(766,'Santo Tomás','080701'),
(766,'Capacmarca','080702'),
(766,'Chamaca','080703'),
(766,'Colquemarca','080704'),
(766,'Livitaca','080705'),
(766,'Llusco','080706'),
(766,'Quiñota','080707'),
(766,'Velille','080708'),
(767,'Espinar','080801'),
(767,'Condoroma','080802'),
(767,'Coporaque','080803'),
(767,'Ocoruro','080804'),
(767,'Pallpata','080805'),
(767,'Pichigua','080806'),
(767,'Suyckutambo','080807'),
(767,'Alto Pichigua','080808'),
(768,'Santa Ana','080901'),
(768,'Echarate','080902'),
(768,'Huayopata','080903'),
(768,'Maranura','080904'),
(768,'Ocobamba','080905'),
(768,'Quellouno','080906'),
(768,'Kimbirí','080907'),
(768,'Santa Teresa','080908'),
(768,'Vilcabamba','080909'),
(768,'Pichari','080910'),
(769,'Paruro','081001'),
(769,'Accha','081002'),
(769,'Ccapi','081003'),
(769,'Colcha','081004'),
(769,'Huanoquite','081005'),
(769,'Omacha','081006'),
(769,'Paccaritambo','081007'),
(769,'Pillpinto','081008'),
(769,'Yaurisque','081009'),
(770,'Paucartambo','081101'),
(770,'Caicay','081102'),
(770,'Challabamba','081103'),
(770,'Colquepata','081104'),
(770,'Huancarani','081105'),
(770,'Kosñipata','081106'),
(771,'Urcos','081201'),
(771,'Andahuaylillas','081202'),
(771,'Camanti','081203'),
(771,'Ccarhuayo','081204'),
(771,'Ccatca','081205'),
(771,'Cusipata','081206'),
(771,'Huaro','081207'),
(771,'Lucre','081208'),
(771,'Marcapata','081209'),
(771,'Ocongate','081210'),
(771,'Oropesa','081211'),
(771,'Quiquijana','081212'),
(772,'Urubamba','081301'),
(772,'Chinchero','081302'),
(772,'Huayllabamba','081303'),
(772,'Machupicchu','081304'),
(772,'Maras','081305'),
(772,'Ollantaytambo','081306'),
(772,'Yucay','081307'),
(null,'Huancavelica','090000'),
(881,'Huancavelica','090100'),
(881,'Acobamba','090200'),
(881,'Angaraes','090300'),
(881,'Castrovirreyna','090400'),
(881,'Churcampa','090500'),
(881,'Huaytara','090600'),
(881,'Tayacaja','090700'),
(882,'Huancavelica','090101'),
(882,'Acobambilla','090102'),
(882,'Acoria','090103'),
(882,'Conayca','090104'),
(882,'Cuenca','090105'),
(882,'Huachocolpa','090106'),
(882,'Huayllahuara','090107'),
(882,'Izcuchaca','090108'),
(882,'Laria','090109'),
(882,'Manta','090110'),
(882,'Mariscal Caceres','090111'),
(882,'Moya','090112'),
(882,'Nuevo Occoro','090113'),
(882,'Palca','090114'),
(882,'Pilchaca','090115'),
(882,'Vilca','090116'),
(882,'Yauli','090117'),
(882,'Ascension','090118'),
(882,'Huando','090119'),
(883,'Acobamba','090201'),
(883,'Andabamba','090202'),
(883,'Anta','090203'),
(883,'Caja','090204'),
(883,'Marcas','090205'),
(883,'Paucara','090206'),
(883,'Pomacocha','090207'),
(883,'Rosario','090208'),
(884,'Lircay','090301'),
(884,'Anchonga','090302'),
(884,'Callanmarca','090303'),
(884,'Ccochaccasa','090304'),
(884,'Chincho','090305'),
(884,'Congalla','090306'),
(884,'Huanca-Huanca','090307'),
(884,'Huayllay Grande','090308'),
(884,'Julcamarca','090309'),
(884,'San Antonio De Antaparco','090310'),
(884,'Santo Tomas De Pata','090311'),
(884,'Secclla','090312'),
(885,'Castrovirreyna','090401'),
(885,'Arma','090402'),
(885,'Aurahua','090403'),
(885,'Capillas','090404'),
(885,'Chupamarca','090405'),
(885,'Cocas','090406'),
(885,'Huachos','090407'),
(885,'Huamatambo','090408'),
(885,'Mollepampa','090409'),
(885,'San Juan','090410'),
(885,'Santa Ana','090411'),
(885,'Tantara','090412'),
(885,'Ticrapo','090413'),
(886,'Churcampa','090501'),
(886,'Anco','090502'),
(886,'Chinchihuasi','090503'),
(886,'El Carmen','090504'),
(886,'La Merced','090505'),
(886,'Locroja','090506'),
(886,'Paucarbamba','090507'),
(886,'San Miguel De Mayocc','090508'),
(886,'San Pedro De Coris','090509'),
(886,'Pachamarca','090510'),
(886,'Cosme','090511'),
(887,'Huaytara','090601'),
(887,'Ayavi','090602'),
(887,'Cordova','090603'),
(887,'Huayacundo Arma','090604'),
(887,'Laramarca','090605'),
(887,'Ocoyo','090606'),
(887,'Pilpichaca','090607'),
(887,'Querco','090608'),
(887,'Quito-Arma','090609'),
(887,'San Antonio De Cusicancha','090610'),
(887,'San Francisco De Sangayaico','090611'),
(887,'San Isidro','090612'),
(887,'Santiago De Chocorvos','090613'),
(887,'Santiago De Quirahuara','090614'),
(887,'Santo Domingo De Capillas','090615'),
(887,'Tambo','090616'),
(888,'Pampas','090701'),
(888,'Acostambo','090702'),
(888,'Acraquia','090703'),
(888,'Ahuaycha','090704'),
(888,'Colcabamba','090705'),
(888,'Daniel Hernandez','090706'),
(888,'Huachocolpa','090707'),
(888,'Huaribamba','090709'),
(888,'Ñahuimpuquio','090710'),
(888,'Pazos','090711'),
(888,'Quishuar','090713'),
(888,'Salcabamba','090714'),
(888,'Salcahuasi','090715'),
(888,'San Marcos De Rocchac','090716'),
(888,'Surcubamba','090717'),
(888,'Tintay Puncu','090718'),
(null,'Huanuco','100000'),
(984,'Huanuco','100100'),
(984,'Ambo','100200'),
(984,'Dos De Mayo','100300'),
(984,'Huacaybamba','100400'),
(984,'Huamalies','100500'),
(984,'Leoncio Prado','100600'),
(984,'Marañon','100700'),
(984,'Pachitea','100800'),
(984,'Puerto inca','100900'),
(984,'Lauricocha','101000'),
(984,'Yarowilca','101100'),
(985,'Huanuco','100101'),
(985,'Amarilis','100102'),
(985,'Chinchao','100103'),
(985,'Churubamba','100104');
INSERT INTO T_BUS_UBICATION (PARENTID, NAME, CODE) VALUES
(985,'Margos','100105'),
(985,'Quisqui','100106'),
(985,'San Francisco De Cayran','100107'),
(985,'San Pedro De Chaulan','100108'),
(985,'Santa Maria Del Valle','100109'),
(985,'Yarumayo','100110'),
(985,'Pillco Marca','100111'),
(985,'Yacus','100112'),
(986,'Ambo','100201'),
(986,'Cayna','100202'),
(986,'Colpas','100203'),
(986,'Conchamarca','100204'),
(986,'Huacar','100205'),
(986,'San Francisco','100206'),
(986,'San Rafael','100207'),
(986,'Tomay Kichwa','100208'),
(987,'La Union','100301'),
(987,'Chuquis','100307'),
(987,'Marias','100311'),
(987,'Pachas','100313'),
(987,'Quivilla','100316'),
(987,'Ripan','100317'),
(987,'Shunqui','100321'),
(987,'Sillapata','100322'),
(987,'Yanas','100323'),
(988,'Huacaybamba','100401'),
(988,'Canchabamba','100402'),
(988,'Cochabamba','100403'),
(988,'Pinra','100404'),
(989,'Llata','100501'),
(989,'Arancay','100502'),
(989,'Chavin De Pariarca','100503'),
(989,'Jacas Grande','100504'),
(989,'Jircan','100505'),
(989,'Miraflores','100506'),
(989,'Monzon','100507'),
(989,'Punchao','100508'),
(989,'Puños','100509'),
(989,'Singa','100510'),
(989,'Tantamayo','100511'),
(990,'Rupa-Rupa','100601'),
(990,'Daniel Alomias Robles','100602'),
(990,'Hermilio Valdizan','100603'),
(990,'Jose Crespo Y Castillo','100604'),
(990,'Luyando','100605'),
(990,'Mariano Damaso Beraun','100606'),
(991,'Huacrachuco','100701'),
(991,'Cholon','100702'),
(991,'San Buenaventura','100703'),
(992,'Panao','100801'),
(992,'Chaglla','100802'),
(992,'Molino','100803'),
(992,'Umari','100804'),
(993,'Puerto Inca','100901'),
(993,'Codo Del Pozuzo','100902'),
(993,'Honoria','100903'),
(993,'Tournavista','100904'),
(993,'Yuyapichis','100905'),
(994,'Jesus','101001'),
(994,'Baños','101002'),
(994,'Jivia','101003'),
(994,'Queropalca','101004'),
(994,'Rondos','101005'),
(994,'San Francisco De Asis','101006'),
(994,'San Miguel De Cauri','101007'),
(995,'Chavinillo','101101'),
(995,'Cahuac','101102'),
(995,'Chacabamba','101103'),
(995,'Aparicio Pomares','101104'),
(995,'Jacas Chico','101105'),
(995,'Obas','101106'),
(995,'Pampamarca','101107'),
(995,'Choras','101108'),
(null,'Ica','110000'),
(1073,'Ica','110100'),
(1073,'Chincha','110200'),
(1073,'Nazca','110300'),
(1073,'Palpa','110400'),
(1073,'Pisco','110500'),
(1074,'Ica','110101'),
(1074,'La Tinguiña','110102'),
(1074,'Los Aquijes','110103'),
(1074,'Ocucaje','110104'),
(1074,'Pachacutec','110105'),
(1074,'Parcona','110106'),
(1074,'Pueblo Nuevo','110107'),
(1074,'Salas','110108'),
(1074,'San Jose De Los Molinos','110109'),
(1074,'San Juan Bautista','110110'),
(1074,'Santiago','110111'),
(1074,'Subtanjalla','110112'),
(1074,'Tate','110113'),
(1074,'Yauca Del Rosario','110114'),
(1075,'Chincha Alta','110201'),
(1075,'Alto Laran','110202'),
(1075,'Chavin','110203'),
(1075,'Chincha Baja','110204'),
(1075,'El Carmen','110205'),
(1075,'Grocio Prado','110206'),
(1075,'Pueblo Nuevo','110207'),
(1075,'San Juan De Yanac','110208'),
(1075,'San Pedro De Huacarpana','110209'),
(1075,'Sunampe','110210'),
(1075,'Tambo De Mora','110211'),
(1076,'Nazca','110301'),
(1076,'Changuillo','110302'),
(1076,'El Ingenio','110303'),
(1076,'Marcona','110304'),
(1076,'Vista Alegre','110305'),
(1077,'Palpa','110401'),
(1077,'Llipata','110402'),
(1077,'Rio Grande','110403'),
(1077,'Santa Cruz','110404'),
(1077,'Tibillo','110405'),
(1078,'Pisco','110501'),
(1078,'Huancano','110502'),
(1078,'Humay','110503'),
(1078,'Independencia','110504'),
(1078,'Paracas','110505'),
(1078,'San Andres','110506'),
(1078,'San Clemente','110507'),
(1078,'Tupac Amaru Inca','110508'),
(null,'Junin','120000'),
(1122,'Huancayo','120100'),
(1122,'Concepcion','120200'),
(1122,'Chanchamayo','120300'),
(1122,'Jauja','120400'),
(1122,'Junin','120500'),
(1122,'Satipo','120600'),
(1122,'Tarma','120700'),
(1122,'Yauli','120800'),
(1122,'Chupaca','120900'),
(1123,'Huancayo','120101'),
(1123,'Carhuacallanga','120104'),
(1123,'Chacapampa','120105'),
(1123,'Chicche','120106'),
(1123,'Chilca','120107'),
(1123,'Chongos Alto','120108'),
(1123,'Chupuro','120111'),
(1123,'Colca','120112'),
(1123,'Cullhuas','120113'),
(1123,'El Tambo','120114'),
(1123,'Huacrapuquio','120116'),
(1123,'Hualhuas','120117'),
(1123,'Huancan','120119'),
(1123,'Huasicancha','120120'),
(1123,'Huayucachi','120121'),
(1123,'Ingenio','120122'),
(1123,'Pariahuanca','120124'),
(1123,'Pilcomayo','120125'),
(1123,'Pucara','120126'),
(1123,'Quichuay','120127'),
(1123,'Quilcas','120128'),
(1123,'San Agustin','120129'),
(1123,'San Jeronimo De Tunan','120130'),
(1123,'Saño','120132'),
(1123,'Sapallanga','120133'),
(1123,'Sicaya','120134'),
(1123,'Santo Domingo De Acobamba','120135'),
(1123,'Viques','120136'),
(1124,'Concepcion','120201'),
(1124,'Aco','120202'),
(1124,'Andamarca','120203'),
(1124,'Chambara','120204'),
(1124,'Cochas','120205'),
(1124,'Comas','120206'),
(1124,'Heroinas Toledo','120207'),
(1124,'Manzanares','120208'),
(1124,'Mariscal Castilla','120209'),
(1124,'Matahuasi','120210'),
(1124,'Mito','120211'),
(1124,'Nueve De Julio','120212'),
(1124,'Orcotuna','120213'),
(1124,'San Jose De Quero','120214'),
(1124,'Santa Rosa De Ocopa','120215'),
(1125,'Chanchamayo','120301'),
(1125,'Perene','120302'),
(1125,'Pichanaqui','120303'),
(1125,'San Luis De Shuaro','120304'),
(1125,'San Ramon','120305'),
(1125,'Vitoc','120306'),
(1126,'Jauja','120401'),
(1126,'Acolla','120402'),
(1126,'Apata','120403'),
(1126,'Ataura','120404'),
(1126,'Canchayllo','120405'),
(1126,'Curicaca','120406'),
(1126,'El Mantaro','120407'),
(1126,'Huamali','120408'),
(1126,'Huaripampa','120409'),
(1126,'Huertas','120410'),
(1126,'Janjaillo','120411'),
(1126,'Julcan','120412'),
(1126,'Leonor Ordoñez','120413'),
(1126,'Llocllapampa','120414'),
(1126,'Marco','120415'),
(1126,'Masma','120416'),
(1126,'Masma Chicche','120417'),
(1126,'Molinos','120418'),
(1126,'Monobamba','120419'),
(1126,'Muqui','120420'),
(1126,'Muquiyauyo','120421'),
(1126,'Paca','120422'),
(1126,'Paccha','120423'),
(1126,'Pancan','120424'),
(1126,'Parco','120425'),
(1126,'Pomacancha','120426'),
(1126,'Ricran','120427'),
(1126,'San Lorenzo','120428'),
(1126,'San Pedro De Chunan','120429'),
(1126,'Sausa','120430'),
(1126,'Sincos','120431'),
(1126,'Tunan Marca','120432'),
(1126,'Yauli','120433'),
(1126,'Yauyos','120434'),
(1127,'Junin','120501'),
(1127,'Carhuamayo','120502'),
(1127,'Ondores','120503'),
(1127,'Ulcumayo','120504'),
(1128,'Satipo','120601'),
(1128,'Coviriali','120602'),
(1128,'Llaylla','120603'),
(1128,'Pampa Hermosa','120605'),
(1128,'Rio Negro','120607'),
(1128,'Rio Tambo','120608'),
(1128,'Mazamari-Pangoa','120699'),
(1129,'Tarma','120701'),
(1129,'Acobamba','120702'),
(1129,'Huaricolca','120703'),
(1129,'Huasahuasi','120704'),
(1129,'La Union','120705'),
(1129,'Palca','120706'),
(1129,'Palcamayo','120707'),
(1129,'San Pedro De Cajas','120708'),
(1129,'Tapo','120709'),
(1130,'La Oroya','120801'),
(1130,'Chacapalpa','120802'),
(1130,'Huay-Huay','120803'),
(1130,'Marcapomacocha','120804'),
(1130,'Morococha','120805'),
(1130,'Paccha','120806'),
(1130,'Santa Barbara De Carhuacayan','120807'),
(1130,'Santa Rosa De Sacco','120808'),
(1130,'Suitucancha','120809'),
(1130,'Yauli','120810'),
(1131,'Chupaca','120901'),
(1131,'Ahuac','120902'),
(1131,'Chongos Bajo','120903'),
(1131,'Huamancaca Chico','120904'),
(1131,'San Juan De Iscos','120905'),
(1131,'San Juan De Jarpa','120906'),
(1131,'Tres De Diciembre','120907'),
(1131,'Yanacancha','120908'),
(null,'La Libertad','130000'),
(1253,'Trujillo','130100'),
(1253,'Ascope','130200'),
(1253,'Bolivar','130300'),
(1253,'Chepen','130400'),
(1253,'Julcan','130500'),
(1253,'Otuzco','130600'),
(1253,'Pacasmayo','130700'),
(1253,'Pataz','130800'),
(1253,'Sanchez Carrion','130900'),
(1253,'Santiago De Chuco','131000'),
(1253,'Gran Chimu','131100'),
(1253,'Viru','131200'),
(1254,'Trujillo','130101'),
(1254,'El Porvenir','130102'),
(1254,'Florencia De Mora','130103'),
(1254,'Huanchaco','130104'),
(1254,'La Esperanza','130105'),
(1254,'Laredo','130106'),
(1254,'Moche','130107'),
(1254,'Poroto','130108'),
(1254,'Salaverry','130109'),
(1254,'Simbal','130110'),
(1254,'Victor Larco Herrera','130111'),
(1255,'Ascope','130201'),
(1255,'Chicama','130202'),
(1255,'Chocope','130203'),
(1255,'Magdalena De Cao','130204'),
(1255,'Paijan','130205'),
(1255,'Razuri','130206'),
(1255,'Santiago De Cao','130207'),
(1255,'Casa Grande','130208'),
(1256,'Bolivar','130301'),
(1256,'Bambamarca','130302'),
(1256,'Condormarca','130303'),
(1256,'Longotea','130304'),
(1256,'Uchumarca','130305'),
(1256,'Ucuncha','130306'),
(1257,'Chepen','130401'),
(1257,'Pacanga','130402'),
(1257,'Pueblo Nuevo','130403'),
(1258,'Julcan','130501'),
(1258,'Calamarca','130502'),
(1258,'Carabamba','130503'),
(1258,'Huaso','130504'),
(1259,'Otuzco','130601'),
(1259,'Agallpampa','130602'),
(1259,'Charat','130604'),
(1259,'Huaranchal','130605'),
(1259,'La Cuesta','130606'),
(1259,'Mache','130608'),
(1259,'Paranday','130610'),
(1259,'Salpo','130611'),
(1259,'Sinsicap','130613'),
(1259,'Usquil','130614'),
(1260,'San Pedro De Lloc','130701'),
(1260,'Guadalupe','130702'),
(1260,'Jequetepeque','130703'),
(1260,'Pacasmayo','130704'),
(1260,'San Jose','130705'),
(1261,'Tayabamba','130801'),
(1261,'Buldibuyo','130802'),
(1261,'Chillia','130803'),
(1261,'Huancaspata','130804'),
(1261,'Huaylillas','130805'),
(1261,'Huayo','130806'),
(1261,'Ongon','130807'),
(1261,'Parcoy','130808'),
(1261,'Pataz','130809'),
(1261,'Pias','130810'),
(1261,'Santiago De Challas','130811'),
(1261,'Taurija','130812'),
(1261,'Urpay','130813'),
(1262,'Huamachuco','130901'),
(1262,'Chugay','130902'),
(1262,'Cochorco','130903'),
(1262,'Curgos','130904'),
(1262,'Marcabal','130905'),
(1262,'Sanagoran','130906'),
(1262,'Sarin','130907'),
(1262,'Sartimbamba','130908'),
(1263,'Santiago De Chuco','131001'),
(1263,'Angasmarca','131002'),
(1263,'Cachicadan','131003'),
(1263,'Mollebamba','131004'),
(1263,'Mollepata','131005'),
(1263,'Quiruvilca','131006'),
(1263,'Santa Cruz De Chuca','131007'),
(1263,'Sitabamba','131008'),
(1264,'Cascas','131101'),
(1264,'Lucma','131102'),
(1264,'Marmot','131103'),
(1264,'Sayapullo','131104'),
(1265,'Viru','131201'),
(1265,'Chao','131202'),
(1265,'Guadalupito','131203'),
(null,'Lambayeque','140000'),
(1349,'Chiclayo','140100'),
(1349,'Ferreñafe','140200'),
(1349,'Lambayeque','140300'),
(1350,'Chiclayo','140101'),
(1350,'Chongoyape','140102'),
(1350,'Eten','140103'),
(1350,'Eten Puerto','140104'),
(1350,'Jose Leonardo Ortiz','140105'),
(1350,'La Victoria','140106'),
(1350,'Lagunas','140107'),
(1350,'Monsefu','140108'),
(1350,'Nueva Arica','140109'),
(1350,'Oyotun','140110'),
(1350,'Picsi','140111'),
(1350,'Pimentel','140112'),
(1350,'Reque','140113'),
(1350,'Santa Rosa','140114'),
(1350,'Saña','140115'),
(1350,'Cayalti','140116'),
(1350,'Patapo','140117'),
(1350,'Pomalca','140118'),
(1350,'Pucala','140119'),
(1350,'Tuman','140120'),
(1351,'Ferreñafe','140201'),
(1351,'Cañaris','140203'),
(1351,'Incahuasi','140204'),
(1351,'Manuel Antonio Mesones Muro','140205'),
(1351,'Pitipo','140206'),
(1351,'Pueblo Nuevo','140207'),
(1352,'Lambayeque','140301'),
(1352,'Chochope','140302'),
(1352,'Illimo','140303'),
(1352,'Jayanca','140304'),
(1352,'Mochumi','140305'),
(1352,'Morrope','140306'),
(1352,'Motupe','140307'),
(1352,'Olmos','140308'),
(1352,'Pacora','140309'),
(1352,'Salas','140310'),
(1352,'San Jose','140311'),
(1352,'Tucume','140312'),
(null,'Lima','150000'),
(1391,'Lima','150100'),
(1391,'Barranca','150200'),
(1391,'Cajatambo','150300'),
(1391,'Canta','150400'),
(1391,'Cañete','150500'),
(1391,'Huaral','150600'),
(1391,'Huarochiri','150700'),
(1391,'Huaura','150800'),
(1391,'Oyon','150900'),
(1391,'Yauyos','151000'),
(1392,'Lima','150101'),
(1392,'Ancon','150102'),
(1392,'Ate','150103'),
(1392,'Barranco','150104'),
(1392,'Breña','150105'),
(1392,'Carabayllo','150106'),
(1392,'Chaclacayo','150107'),
(1392,'Chorrillos','150108'),
(1392,'Cieneguilla','150109'),
(1392,'Comas','150110'),
(1392,'El Agustino','150111'),
(1392,'Independencia','150112'),
(1392,'Jesus Maria','150113'),
(1392,'La Molina','150114'),
(1392,'La Victoria','150115'),
(1392,'Lince','150116'),
(1392,'Los Olivos','150117'),
(1392,'Lurigancho-Chosica','150118'),
(1392,'Lurin','150119'),
(1392,'Magdalena Del Mar','150120'),
(1392,'Pueblo Libre','150121'),
(1392,'Miraflores','150122'),
(1392,'Pachacamac','150123'),
(1392,'Pucusana','150124'),
(1392,'Puente Piedra','150125'),
(1392,'Punta Hermosa','150126'),
(1392,'Punta Negra','150127'),
(1392,'Rimac','150128'),
(1392,'San Bartolo','150129'),
(1392,'San Borja','150130'),
(1392,'San Isidro','150131'),
(1392,'San Juan de Lurigancho','150132'),
(1392,'San Juan de Miraflores','150133'),
(1392,'San Luis','150134'),
(1392,'San Martin De Porres','150135'),
(1392,'San Miguel','150136'),
(1392,'Santa Anita','150137'),
(1392,'Santa Maria Del Mar','150138'),
(1392,'Santa Rosa','150139'),
(1392,'Santiago De Surco','150140'),
(1392,'Surquillo','150141'),
(1392,'Villa el Salvador','150142'),
(1392,'Villa Maria Del Triunfo','150143'),
(1393,'Barranca','150201'),
(1393,'Paramonga','150202'),
(1393,'Pativilca','150203'),
(1393,'Supe','150204'),
(1393,'Supe Puerto','150205'),
(1394,'Cajatambo','150301'),
(1394,'Copa','150302'),
(1394,'Gorgor','150303'),
(1394,'Huancapon','150304'),
(1394,'Manas','150305'),
(1395,'Canta','150401'),
(1395,'Arahuay','150402'),
(1395,'Huamantanga','150403'),
(1395,'Huaros','150404'),
(1395,'Lachaqui','150405'),
(1395,'San Buenaventura','150406'),
(1395,'Santa Rosa De Quives','150407'),
(1396,'San Vicente De Cañete','150501'),
(1396,'Asia','150502'),
(1396,'Calango','150503'),
(1396,'Cerro Azul','150504'),
(1396,'Chilca','150505'),
(1396,'Coayllo','150506'),
(1396,'Imperial','150507'),
(1396,'Lunahuana','150508'),
(1396,'Mala','150509'),
(1396,'Nuevo Imperial','150510'),
(1396,'Pacaran','150511'),
(1396,'Quilmana','150512'),
(1396,'San Antonio','150513'),
(1396,'San Luis','150514'),
(1396,'Santa Cruz De Flores','150515'),
(1396,'Zuñiga','150516'),
(1397,'Huaral','150601'),
(1397,'Atavillos Alto','150602'),
(1397,'Atavillos Bajo','150603'),
(1397,'Aucallama','150604'),
(1397,'Chancay','150605'),
(1397,'Ihuari','150606'),
(1397,'Lampian','150607'),
(1397,'Pacaraos','150608'),
(1397,'San Miguel De Acos','150609'),
(1397,'Santa Cruz De Andamarca','150610'),
(1397,'Sumbilca','150611'),
(1397,'Veintisiete De Noviembre','150612'),
(1398,'Matucana','150701'),
(1398,'Antioquia','150702'),
(1398,'Callahuanca','150703'),
(1398,'Carampoma','150704'),
(1398,'Chicla','150705'),
(1398,'Cuenca','150706'),
(1398,'Huachupampa','150707'),
(1398,'Huanza','150708'),
(1398,'Huarochiri','150709'),
(1398,'Lahuaytambo','150710'),
(1398,'Langa','150711'),
(1398,'Laraos','150712'),
(1398,'Mariatana','150713'),
(1398,'Ricardo Palma','150714'),
(1398,'San Andres De Tupicocha','150715'),
(1398,'San Antonio','150716'),
(1398,'San Bartolome','150717'),
(1398,'San Damian','150718'),
(1398,'San Juan De Iris','150719'),
(1398,'San Juan De Tantaranche','150720'),
(1398,'San Lorenzo De Quinti','150721'),
(1398,'San Mateo','150722'),
(1398,'San Mateo De Otao','150723'),
(1398,'San Pedro De Casta','150724'),
(1398,'San Pedro De Huancayre','150725'),
(1398,'Sangallaya','150726'),
(1398,'Santa Cruz de Cocachacra','150727'),
(1398,'Santa Eulalia','150728'),
(1398,'Santiago De Anchucaya','150729'),
(1398,'Santiago De Tuna','150730'),
(1398,'Santo Domingo De Los Olleros','150731'),
(1398,'Surco','150732'),
(1399,'Huacho','150801'),
(1399,'Ambar','150802'),
(1399,'Caleta De Carquin','150803'),
(1399,'Checras','150804'),
(1399,'Hualmay','150805'),
(1399,'Huaura','150806'),
(1399,'Leoncio Prado','150807'),
(1399,'Paccho','150808'),
(1399,'Santa Leonor','150809'),
(1399,'Santa Maria','150810'),
(1399,'Sayan','150811'),
(1399,'Vegueta','150812'),
(1400,'Oyon','150901'),
(1400,'Andajes','150902'),
(1400,'Caujul','150903'),
(1400,'Cochamarca','150904'),
(1400,'Navan','150905'),
(1400,'Pachangara','150906'),
(1401,'Yauyos','151001'),
(1401,'Alis','151002'),
(1401,'Ayauca','151003'),
(1401,'Ayaviri','151004'),
(1401,'Azangaro','151005'),
(1401,'Cacra','151006'),
(1401,'Carania','151007'),
(1401,'Catahuasi','151008'),
(1401,'Chocos','151009'),
(1401,'Cochas','151010'),
(1401,'Colonia','151011'),
(1401,'Hongos','151012'),
(1401,'Huampara','151013'),
(1401,'Huancaya','151014'),
(1401,'Huangascar','151015'),
(1401,'Huantan','151016'),
(1401,'Huañec','151017'),
(1401,'Laraos','151018'),
(1401,'Lincha','151019'),
(1401,'Madean','151020'),
(1401,'Miraflores','151021'),
(1401,'Omas','151022'),
(1401,'Putinza','151023'),
(1401,'Quinches','151024'),
(1401,'Quinocay','151025'),
(1401,'San Joaquin','151026'),
(1401,'San Pedro De Pilas','151027'),
(1401,'Tanta','151028'),
(1401,'Tauripampa','151029'),
(1401,'Tomas','151030'),
(1401,'Tupe','151031'),
(1401,'Viñac','151032'),
(1401,'Vitis','15103'),
(null,'Loreto','160000'),
(1573,'Maynas','160100'),
(1573,'Alto Amazonas','160200'),
(1573,'Loreto','160300'),
(1573,'Mariscal Ramon Castilla','160400'),
(1573,'Requena','160500'),
(1573,'Ucayali','160600'),
(1573,'Datem del Marañon','160700'),
(1574,'Iquitos','160101'),
(1574,'Alto Nanay','160102'),
(1574,'Fernando Lores','160103'),
(1574,'Indiana','160104'),
(1574,'Las Amazonas','160105'),
(1574,'Mazan','160106'),
(1574,'Napo','160107'),
(1574,'Punchana','160108'),
(1574,'Putumayo','160109'),
(1574,'Torres Causana','160110'),
(1574,'Belen','160112'),
(1574,'San Juan Bautista','160113'),
(1574,'Teniente Manuel Clavero','160114'),
(1575,'Yurimaguas','160201'),
(1575,'Balsapuerto','160202'),
(1575,'Jeberos','160205'),
(1575,'Lagunas','160206'),
(1575,'Santa Cruz','160210'),
(1575,'Teniente Cesar Lopez Rojas','160211'),
(1576,'Nauta','160301'),
(1576,'Parinari','160302'),
(1576,'Tigre','160303'),
(1576,'Trompeteros','160304'),
(1576,'Urarinas','160305'),
(1577,'Ramon Castilla','160401'),
(1577,'Pebas','160402'),
(1577,'Yavari','160403'),
(1577,'San Pablo','160404'),
(1578,'Requena','160501'),
(1578,'Alto Tapiche','160502'),
(1578,'Capelo','160503'),
(1578,'Emilio San Martin','160504'),
(1578,'Maquia','160505'),
(1578,'Puinahua','160506'),
(1578,'Saquena','160507'),
(1578,'Soplin','160508'),
(1578,'Tapiche','160509'),
(1578,'Jenaro Herrera','160510'),
(1578,'Yaquerana','160511'),
(1579,'Contamana','160601'),
(1579,'Inahuaya','160602'),
(1579,'Padre Marquez','160603'),
(1579,'Pampa Hermosa','160604'),
(1579,'Sarayacu','160605'),
(1579,'Vargas Guerra','160606'),
(1580,'Barranca','160701'),
(1580,'Cahuapanas','160702'),
(1580,'Manseriche','160703'),
(1580,'Morona','160704'),
(1580,'Pastaza','160705'),
(1580,'Andoas','160706'),
(null,'Madre De Dios','170000'),
(1632,'Tambopata','170100'),
(1632,'Manu','170200'),
(1632,'Tahuamanu','170300'),
(1633,'Tambopata','170101'),
(1633,'Inambari','170102'),
(1633,'Las Piedras','170103'),
(1633,'Laberinto','170104'),
(1634,'Manu','170201'),
(1634,'Fitzcarrald','170202'),
(1634,'Madre De Dios','170203'),
(1634,'Huepetuhe','170204'),
(1635,'Iñapari','170301'),
(1635,'Iberia','170302'),
(1635,'Tahuamanu','170303'),
(null,'Moquegua','180000'),
(1647,'Mariscal Nieto','180100'),
(1647,'General Sanchez Cerro','180200'),
(1647,'Ilo','180300'),
(1648,'Moquegua','180101'),
(1648,'Carumas','180102'),
(1648,'Cuchumbaya','180103'),
(1648,'Samegua','180104'),
(1648,'San Cristobal','180105'),
(1648,'Torata','180106'),
(1649,'Omate','180201'),
(1649,'Chojata','180202'),
(1649,'Coalaque','180203'),
(1649,'Ichuña','180204'),
(1649,'La Capilla','180205'),
(1649,'Lloque','180206'),
(1649,'Matalaque','180207'),
(1649,'Puquina','180208'),
(1649,'Quinistaquillas','180209'),
(1649,'Ubinas','180210'),
(1649,'Yunga','180211'),
(1650,'Ilo','180301'),
(1650,'El Algarrobal','180302'),
(1650,'Pacocha','180303'),
(null,'Pasco','190000'),
(1671,'Pasco','190100'),
(1671,'Daniel Alcides Carrion','190200'),
(1671,'Oxapampa','190300'),
(1672,'Chaupimarca','190101'),
(1672,'Huachon','190102'),
(1672,'Huariaca','190103'),
(1672,'Huayllay','190104'),
(1672,'Ninacaca','190105'),
(1672,'Pallanchacra','190106'),
(1672,'Paucartambo','190107'),
(1672,'San Francisco De Asis De Yarusyacan','190108'),
(1672,'Simon Bolivar','190109'),
(1672,'Ticlacayan','190110'),
(1672,'Tinyahuarco','190111'),
(1672,'Vicco','190112'),
(1672,'Yanacancha','190113'),
(1673,'Yanahuanca','190201'),
(1673,'Chacayan','190202'),
(1673,'Goyllarisquizga','190203'),
(1673,'Paucar','190204'),
(1673,'San Pedro De Pillao','190205'),
(1673,'Santa Ana De Tusi','190206'),
(1673,'Tapuc','190207'),
(1673,'Vilcabamba','190208'),
(1674,'Oxapampa','190301'),
(1674,'Chontabamba','190302'),
(1674,'Huancabamba','190303'),
(1674,'Palcazu','190304'),
(1674,'Pozuzo','190305'),
(1674,'Puerto Bermudez','190306'),
(1674,'Villa Rica','190307'),
(1674,'Constitucion','190308'),
(null,'Piura','200000'),
(1704,'Piura','200100'),
(1704,'Ayabaca','200200'),
(1704,'Huancabamba','200300'),
(1704,'Morropon','200400'),
(1704,'Paita','200500'),
(1704,'Sullana','200600'),
(1704,'Talara','200700'),
(1704,'Sechura','200800'),
(1705,'Piura','200101'),
(1705,'Castilla','200104'),
(1705,'Catacaos','200105'),
(1705,'Cura Mori','200107'),
(1705,'El Tallan','200108'),
(1705,'La Arena','200109'),
(1705,'La Union','200110'),
(1705,'Las Lomas','200111'),
(1705,'Tambo Grande','200114'),
(1706,'Ayabaca','200201'),
(1706,'Frias','200202'),
(1706,'Jilili','200203'),
(1706,'Lagunas','200204'),
(1706,'Montero','200205'),
(1706,'Pacaipampa','200206'),
(1706,'Paimas','200207'),
(1706,'Sapillica','200208'),
(1706,'Sicchez','200209'),
(1706,'Suyo','200210'),
(1707,'Huancabamba','200301'),
(1707,'Canchaque','200302'),
(1707,'El Carmen De La Frontera','200303'),
(1707,'Huarmaca','200304'),
(1707,'Lalaquiz','200305'),
(1707,'San Miguel De El Faique','200306'),
(1707,'Sondor','200307'),
(1707,'Sondorillo','200308'),
(1708,'Chulucanas','200401'),
(1708,'Buenos Aires','200402'),
(1708,'Chalaco','200403'),
(1708,'La Matanza','200404'),
(1708,'Morropon','200405'),
(1708,'Salitral','200406'),
(1708,'San Juan De Bigote','200407'),
(1708,'Santa Catalina De Mossa','200408'),
(1708,'Santo Domingo','200409'),
(1708,'Yamango','200410'),
(1709,'Paita','200501'),
(1709,'Amotape','200502'),
(1709,'Arenal','200503'),
(1709,'Colan','200504'),
(1709,'La Huaca','200505'),
(1709,'Tamarindo','200506'),
(1709,'Vichayal','200507'),
(1710,'Sullana','200601'),
(1710,'Bellavista','200602'),
(1710,'Ignacio Escudero','200603'),
(1710,'Lancones','200604'),
(1710,'Marcavelica','200605'),
(1710,'Miguel Checa','200606'),
(1710,'Querecotillo','200607'),
(1710,'Salitral','200608'),
(1711,'Pariñas','200701'),
(1711,'El Alto','200702'),
(1711,'La Brea','200703'),
(1711,'Lobitos','200704'),
(1711,'Los Organos','200705'),
(1711,'Mancora','200706'),
(1712,'Sechura','200801'),
(1712,'Bellavista De La Union','200802'),
(1712,'Bernal','200803'),
(1712,'Cristo Nos Valga','200804'),
(1712,'Vice','200805'),
(1712,'Rinconada Llicuar','200806'),
(null,'Puno','210000'),
(1777,'Puno','210100'),
(1777,'Azangaro','210200'),
(1777,'Carabaya','210300'),
(1777,'Chucuito','210400'),
(1777,'El Collao','210500'),
(1777,'Huancane','210600'),
(1777,'Lampa','210700'),
(1777,'Melgar','210800'),
(1777,'Moho','210900'),
(1777,'San Antonio De Putina','211000'),
(1777,'San Roman','211100'),
(1777,'Sandia','211200'),
(1777,'Yunguyo','211300'),
(1778,'Puno','210101'),
(1778,'Acora','210102'),
(1778,'Amantani','210103'),
(1778,'Atuncolla','210104'),
(1778,'Capachica','210105'),
(1778,'Chucuito','210106'),
(1778,'Coata','210107'),
(1778,'Huata','210108'),
(1778,'Mañazo','210109'),
(1778,'Paucarcolla','210110'),
(1778,'Pichacani','210111'),
(1778,'Plateria','210112'),
(1778,'San Antonio','210113'),
(1778,'Tiquillaca','210114'),
(1778,'Vilque','210115'),
(1779,'Azangaro','210201'),
(1779,'Achaya','210202'),
(1779,'Arapa','210203'),
(1779,'Asillo','210204'),
(1779,'Caminaca','210205'),
(1779,'Chupa','210206'),
(1779,'Jose Domingo Choquehuanca','210207'),
(1779,'Muñani','210208'),
(1779,'Potoni','210209'),
(1779,'Saman','210210'),
(1779,'San Anton','210211'),
(1779,'San Jose','210212'),
(1779,'San Juan De Salinas','210213'),
(1779,'Santiago De Pupuja','210214'),
(1779,'Tirapata','210215'),
(1780,'Macusani','210301'),
(1780,'Ajoyani','210302'),
(1780,'Ayapata','210303'),
(1780,'Coasa','210304'),
(1780,'Corani','210305'),
(1780,'Crucero','210306'),
(1780,'Ituata','210307'),
(1780,'Ollachea','210308'),
(1780,'San Gaban','210309'),
(1780,'Usicayos','210310'),
(1781,'Juli','210401'),
(1781,'Desaguadero','210402'),
(1781,'Huacullani','210403'),
(1781,'Kelluyo','210404'),
(1781,'Pisacoma','210405'),
(1781,'Pomata','210406'),
(1781,'Zepita','210407'),
(1782,'Ilave','210501'),
(1782,'Capazo','210502'),
(1782,'Pilcuyo','210503'),
(1782,'Santa Rosa','210504'),
(1782,'Conduriri','210505'),
(1783,'Huancane','210601'),
(1783,'Cojata','210602'),
(1783,'Huatasani','210603'),
(1783,'Inchupalla','210604'),
(1783,'Pusi','210605'),
(1783,'Rosaspata','210606'),
(1783,'Taraco','210607'),
(1783,'Vilque Chico','210608'),
(1784,'Lampa','210701'),
(1784,'Cabanilla','210702'),
(1784,'Calapuja','210703'),
(1784,'Nicasio','210704'),
(1784,'Ocuviri','210705'),
(1784,'Palca','210706'),
(1784,'Paratia','210707'),
(1784,'Pucara','210708'),
(1784,'Santa Lucia','210709'),
(1784,'Vilavila','210710'),
(1785,'Ayaviri','210801'),
(1785,'Antauta','210802'),
(1785,'Cupi','210803'),
(1785,'Llalli','210804'),
(1785,'Macari','210805'),
(1785,'Nuñoa','210806'),
(1785,'Orurillo','210807'),
(1785,'Santa Rosa','210808'),
(1785,'Umachiri','210809'),
(1786,'Moho','210901'),
(1786,'Conima','210902'),
(1786,'Huayrapata','210903'),
(1786,'Tilali','210904'),
(1787,'Putina','211001'),
(1787,'Ananea','211002'),
(1787,'Pedro Vilca Apaza','211003'),
(1787,'Quilcapuncu','211004'),
(1787,'Sina','211005'),
(1788,'Juliaca','211101'),
(1788,'Cabana','211102'),
(1788,'Cabanillas','211103'),
(1788,'Caracoto','211104'),
(1789,'Sandia','211201'),
(1789,'Cuyocuyo','211202'),
(1789,'Limbani','211203'),
(1789,'Patambuco','211204'),
(1789,'Phara','211205'),
(1789,'Quiaca','211206'),
(1789,'San Juan Del Oro','211207'),
(1789,'Yanahuaya','211208'),
(1789,'Alto Inambari','211209'),
(1789,'San Pedro De Putina Punco','211210'),
(1790,'Yunguyo','211301'),
(1790,'Anapia','211302'),
(1790,'Copani','211303'),
(1790,'Cuturapi','211304'),
(1790,'Ollaraya','211305'),
(1790,'Tinicachi','211306'),
(1790,'Unicachi','211307'),
(null,'San Martin','220000'),
(1900,'Moyobamba','220100'),
(1900,'Bellavista','220200'),
(1900,'El Dorado','220300'),
(1900,'Huallaga','220400'),
(1900,'Lamas','220500'),
(1900,'Mariscal Caceres','220600'),
(1900,'Picota','220700'),
(1900,'Rioja','220800'),
(1900,'San Martin','220900'),
(1900,'Tocache','221000'),
(1901,'Moyobamba','220101'),
(1901,'Calzada','220102'),
(1901,'Habana','220103'),
(1901,'Jepelacio','220104'),
(1901,'Soritor','220105'),
(1901,'Yantalo','220106'),
(1902,'Bellavista','220201'),
(1902,'Alto Biavo','220202'),
(1902,'Bajo Biavo','220203'),
(1902,'Huallaga','220204'),
(1902,'San Pablo','220205'),
(1902,'San Rafael','220206'),
(1903,'San Jose De Sisa','220301'),
(1903,'Agua Blanca','220302'),
(1903,'San Martin','220303'),
(1903,'Santa Rosa','220304'),
(1903,'Shatoja','220305'),
(1904,'Saposoa','220401'),
(1904,'Alto Saposoa','220402'),
(1904,'El Eslabon','220403'),
(1904,'Piscoyacu','220404'),
(1904,'Sacanche','220405'),
(1904,'Tingo De Saposoa','220406'),
(1905,'Lamas','220501'),
(1905,'Alonso De Alvarado','220502'),
(1905,'Barranquita','220503'),
(1905,'Caynarachi','220504'),
(1905,'Cuñumbuqui','220505'),
(1905,'Pinto Recodo','220506'),
(1905,'Rumisapa','220507'),
(1905,'San Roque De Cumbaza','220508'),
(1905,'Shanao','220509'),
(1905,'Tabalosos','220510'),
(1905,'Zapatero','220511'),
(1906,'Juanjui','220601'),
(1906,'Campanilla','220602'),
(1906,'Huicungo','220603'),
(1906,'Pachiza','220604'),
(1906,'Pajarillo','220605'),
(1907,'Picota','220701'),
(1907,'Buenos Aires','220702'),
(1907,'Caspisapa','220703'),
(1907,'Pilluana','220704'),
(1907,'Pucacaca','220705'),
(1907,'San Cristobal','220706'),
(1907,'San Hilarion','220707'),
(1907,'Shamboyacu','220708'),
(1907,'Tingo De Ponasa','220709'),
(1907,'Tres Unidos','220710'),
(1908,'Rioja','220801'),
(1908,'Awajun','220802'),
(1908,'Elias Soplin Vargas','220803'),
(1908,'Nueva Cajamarca','220804'),
(1908,'Pardo Miguel','220805'),
(1908,'Posic','220806'),
(1908,'San Fernando','220807'),
(1908,'Yorongos','220808'),
(1908,'Yuracyacu','220809'),
(1909,'Tarapoto','220901'),
(1909,'Alberto Leveau','220902'),
(1909,'Cacatachi','220903'),
(1909,'Chazuta','220904'),
(1909,'Chipurana','220905'),
(1909,'El Porvenir','220906'),
(1909,'Huimbayoc','220907'),
(1909,'Juan Guerra','220908'),
(1909,'La Banda De Shilcayo','220909'),
(1909,'Morales','220910'),
(1909,'Papaplaya','220911'),
(1909,'San Antonio','220912'),
(1909,'Sauce','220913'),
(1909,'Shapaja','220914'),
(1910,'Tocache','221001'),
(1910,'Nuevo Progreso','221002'),
(1910,'Polvora','221003'),
(1910,'Shunte','221004'),
(1910,'Uchiza','221005'),
(null,'Tacna','230000'),
(1988,'Tacna','230100'),
(1988,'Candarave','230200'),
(1988,'Jorge Basadre','230300'),
(1988,'Tarata','230400'),
(1989,'Tacna','230101'),
(1989,'Alto De La Alianza','230102'),
(1989,'Calana','230103'),
(1989,'Ciudad Nueva','230104'),
(1989,'Inclan','230105'),
(1989,'Pachia','230106'),
(1989,'Palca','230107');
INSERT INTO T_BUS_UBICATION (PARENTID, NAME, CODE) VALUES
(1989,'Pocollay','230108'),
(1989,'Sama','230109'),
(1989,'Coronel Gregorio Albarracin Lanchipa','230110'),
(1990,'Candarave','230201'),
(1990,'Cairani','230202'),
(1990,'Camilaca','230203'),
(1990,'Curibaya','230204'),
(1990,'Huanuara','230205'),
(1990,'Quilahuani','230206'),
(1991,'Locumba','230301'),
(1991,'Ilabaya','230302'),
(1991,'Ite','230303'),
(1992,'Tarata','230401'),
(1992,'Heroes Albarracin','230402'),
(1992,'Estique','230403'),
(1992,'Estique-Pampa','230404'),
(1992,'Sitajara','230405'),
(1992,'Susapaya','230406'),
(1992,'Tarucachi','230407'),
(1992,'Ticaco','230408'),
(null,'Tumbes','240000'),
(2020,'Tumbes','240100'),
(2020,'Contralmirante Villar','240200'),
(2020,'Zarumilla','240300'),
(2021,'Tumbes','240101'),
(2021,'Corrales','240102'),
(2021,'La Cruz','240103'),
(2021,'Pampas De Hospital','240104'),
(2021,'San Jacinto','240105'),
(2021,'San Juan De La Virgen','240106'),
(2022,'Zorritos','240201'),
(2022,'Casitas','240202'),
(2022,'Canoas De Punta Sal','240203'),
(2023,'Zarumilla','240301'),
(2023,'Aguas Verdes','240302'),
(2023,'Matapalo','240303'),
(2023,'Papayal','240304'),
(null,'Ucayali','250000'),
(2037,'Coronel Portillo','250100'),
(2037,'Atalaya','250200'),
(2037,'Padre Abad','250300'),
(2037,'Purus','250400'),
(2038,'Calleria','250101'),
(2038,'Campoverde','250102'),
(2038,'Iparia','250103'),
(2038,'Masisea','250104'),
(2038,'Yarinacocha','250105'),
(2038,'Nueva Requena','250106'),
(2038,'Manantay','250107'),
(2039,'Raymondi','250201'),
(2039,'Sepahua','250202'),
(2039,'Tahuania','250203'),
(2039,'Yurua','250204'),
(2040,'Padre Abad','250301'),
(2040,'Irazola','250302'),
(2040,'Curimana','250303'),
(2041,'Purus','250401');